tag,episodes,fault_episodes,nonfault_episodes,latency_n,latency_median_ms,latency_q25_ms,latency_q75_ms,latency_p95_ms,latency_median_bootstrap_ci95_low_ms,latency_median_bootstrap_ci95_high_ms,fault_correct_first_trip_count,fault_correct_first_trip_total,fault_correct_first_trip_rate,fault_correct_first_trip_ci95_low,fault_correct_first_trip_ci95_high,fault_premature_trip_count,fault_premature_trip_total,fault_premature_trip_rate,fault_premature_trip_ci95_low,fault_premature_trip_ci95_high,fault_wrong_relay_first_trip_count,fault_wrong_relay_first_trip_total,fault_wrong_relay_first_trip_rate,fault_wrong_relay_first_trip_ci95_low,fault_wrong_relay_first_trip_ci95_high,fault_no_trip_count,fault_no_trip_total,fault_no_trip_rate,fault_no_trip_ci95_low,fault_no_trip_ci95_high,nonfault_false_first_trip_count,nonfault_false_first_trip_total,nonfault_false_first_trip_rate,nonfault_false_first_trip_ci95_low,nonfault_false_first_trip_ci95_high,nonfault_no_trip_count,nonfault_no_trip_total,nonfault_no_trip_rate,nonfault_no_trip_ci95_low,nonfault_no_trip_ci95_high
phasor_W48,225,214,11,187,0.10416666666666667,0.10416666666666667,0.3125,1.218749999999999,0.10416666666666667,0.10416666666666667,187,214,0.8738317757009346,0.8226567766809898,0.9118223296662389,0,214,0.0,0.0,0.017634195260581874,26,214,0.12149532710280374,0.08427550436986392,0.17206440045356725,1,214,0.004672897196261682,0.0008253579045416418,0.025989826185380586,8,11,0.7272727272727273,0.43435469882387084,0.902539407099751,3,11,0.2727272727272727,0.09746059290024889,0.5656453011761291
combined_W48,225,214,11,210,0.10416666666666667,0.10416666666666667,0.4166666666666667,1.6666666666666667,0.10416666666666667,0.10416666666666667,210,214,0.9813084112149533,0.9529340547238404,0.9927077946982162,0,214,0.0,0.0,0.017634195260581874,1,214,0.004672897196261682,0.0008253579045416418,0.025989826185380586,3,214,0.014018691588785047,0.0047788697706099385,0.04039829197799301,8,11,0.7272727272727273,0.43435469882387084,0.902539407099751,3,11,0.2727272727272727,0.09746059290024889,0.5656453011761291
phasor_W96,225,214,11,203,0.10416666666666667,0.10416666666666667,0.5208333333333334,1.3541666666666667,0.10416666666666667,0.10416666666666667,203,214,0.9485981308411215,0.9103161447155567,0.9710587829011176,0,214,0.0,0.0,0.017634195260581874,11,214,0.0514018691588785,0.02894121709888243,0.08968385528444336,0,214,0.0,0.0,0.017634195260581874,5,11,0.45454545454545453,0.21271271622459764,0.719908462590678,6,11,0.5454545454545454,0.280091537409322,0.7872872837754024
combined_W96,225,214,11,192,0.10416666666666667,0.10416666666666667,0.10416666666666667,1.0416666666666667,0.10416666666666667,0.10416666666666667,192,214,0.897196261682243,0.8492585228906333,0.931125527603297,0,214,0.0,0.0,0.017634195260581874,21,214,0.09813084112149532,0.06508186611387787,0.14535309456285148,1,214,0.004672897196261682,0.0008253579045416418,0.025989826185380586,8,11,0.7272727272727273,0.43435469882387084,0.902539407099751,3,11,0.2727272727272727,0.09746059290024889,0.5656453011761291
combined_W48_fp10,225,214,11,210,0.10416666666666667,0.10416666666666667,0.4166666666666667,1.6666666666666667,0.10416666666666667,0.10416666666666667,210,214,0.9813084112149533,0.9529340547238404,0.9927077946982162,0,214,0.0,0.0,0.017634195260581874,1,214,0.004672897196261682,0.0008253579045416418,0.025989826185380586,3,214,0.014018691588785047,0.0047788697706099385,0.04039829197799301,8,11,0.7272727272727273,0.43435469882387084,0.902539407099751,3,11,0.2727272727272727,0.09746059290024889,0.5656453011761291
combined_W48_fp200,225,214,11,210,0.10416666666666667,0.10416666666666667,0.4166666666666667,1.6666666666666667,0.10416666666666667,0.10416666666666667,210,214,0.9813084112149533,0.9529340547238404,0.9927077946982162,0,214,0.0,0.0,0.017634195260581874,1,214,0.004672897196261682,0.0008253579045416418,0.025989826185380586,3,214,0.014018691588785047,0.0047788697706099385,0.04039829197799301,8,11,0.7272727272727273,0.43435469882387084,0.902539407099751,3,11,0.2727272727272727,0.09746059290024889,0.5656453011761291
combined_W48_fp100,225,214,11,209,0.10416666666666667,0.10416666666666667,0.4166666666666667,2.1249999999999973,0.10416666666666667,0.10416666666666667,209,214,0.9766355140186916,0.946481111981515,0.9899797486112015,0,214,0.0,0.0,0.017634195260581874,2,214,0.009345794392523364,0.002566706667490393,0.03342946625177219,3,214,0.014018691588785047,0.0047788697706099385,0.04039829197799301,6,11,0.5454545454545454,0.280091537409322,0.7872872837754024,5,11,0.45454545454545453,0.21271271622459764,0.719908462590678
combined_W48_alpha0.1,225,214,11,200,0.20833333333333334,0.10416666666666667,0.859375,6.895833333333326,0.20833333333333334,0.20833333333333334,200,214,0.9345794392523364,0.8931980945861173,0.9606338665425358,0,214,0.0,0.0,0.017634195260581874,1,214,0.004672897196261682,0.0008253579045416418,0.025989826185380586,13,214,0.06074766355140187,0.0358414280481878,0.10114562199381871,4,11,0.36363636363636365,0.15166471095367573,0.6461988254921511,7,11,0.6363636363636364,0.35380117450784887,0.8483352890463243
combined_W48_alpha0.9,225,214,11,197,0.10416666666666667,0.10416666666666667,0.20833333333333334,2.749999999999998,0.10416666666666667,0.10416666666666667,197,214,0.9205607476635514,0.876476175909487,0.9498128187311452,0,214,0.0,0.0,0.017634195260581874,15,214,0.07009345794392523,0.04293439735745308,0.11241463034323412,2,214,0.009345794392523364,0.002566706667490393,0.03342946625177219,6,11,0.5454545454545454,0.280091537409322,0.7872872837754024,5,11,0.45454545454545453,0.21271271622459764,0.719908462590678
